<?xml version="1.1" encoding="UTF-8"?>

<project i18n.job.generated.documetation="Generated documentation" i18n.job.project.name="Project Name" i18n.job.generated.date="GENERATION DATE" i18n.job.author="AUTHOR" i18n.job.summary="Summary" i18n.job.project.description="Project Description" i18n.job.job.description="Description" i18n.job.job.preview.picture="Preview Picture" i18n.job.job.setting="Settings" i18n.job.context.list="Context List" i18n.job.component.list="Component List" i18n.job.components.description="Components Description" i18n.job.source.code="Source Code" i18n.job.properties="Properties" i18n.job.values="Values" i18n.job.name="Name" i18n.job.language="Language" i18n.job.description="Description" i18n.job.author.min="Author" i18n.job.version="Version" i18n.job.purpose="Purpose" i18n.job.status="Status" i18n.job.creation="Creation" i18n.job.modification="Modification" i18n.job.extract.settings="Extra settings" i18n.job.value="Value" i18n.job.stats.logs="Status &amp; Logs" i18n.job.context="Context" i18n.job.promt="Prompt" i18n.job.need.promt="Need Prompt?" i18n.job.type="Type" i18n.job.source="Source" i18n.job.component.name="Component Name" i18n.job.component.type="Component Type" i18n.job.component="Component" i18n.job.unique.name="UNIQUE NAME" i18n.job.input="INPUT(S)" i18n.job.label="LABEL" i18n.job.output="OUTPUT(S)" i18n.job.component.parameters="Component Parameters:" i18n.job.schema.for="Schema for " i18n.job.column="Column" i18n.job.key="Key" i18n.job.length="Length" i18n.job.precision="Precision" i18n.job.nullable="Nullable" i18n.job.comment="Comment" i18n.job.original.function.parameters="Original Function Parameters:" i18n.job.ended="ended" i18n.job.content="content" i18n.route.manifest.type="Type" i18n.route.manifest.value="Value" i18n.route.resource.name="Name" i18n.route.resource.version="Version" i18n.route.resource.path="Path" name="Seatle_Pet_License_Talend_Workflow" logo="pictures/logo.jpg" title="Generated by Talend Cloud Data Management Platform" link="http://www.talend.com" language="java" generatedDate="Oct 24, 2023, 3:28:38 AM" versionName="Talend Cloud VERSION " version="8.0.1.20230418_1502-patch" docType="Jobs" company="">
  <pro-description><![CDATA[]]></pro-description>
  <job name="WorkFlow_Stage_Load" author="bhutkar.n@northeastern.edu" i18n.job.extract.settings.type="i18n.job.extract.settings" i18n.job.stats.logs.type="i18n.job.stats.logs" version="0.1" purpose="" status="" creation="Oct 23, 2023, 3:42:09 PM" modification="Oct 24, 2023, 3:27:51 AM">
    <description><![CDATA[<br/>]]></description>
    <preview picture="pictures/WorkFlow_Stage_Load_0.1.png"/>
    <contextList>
      <context name="Default">
        <contextParameter name="Source_seattle_Pet_File_Encoding" prompt="Source_seattle_Pet_File_Encoding?" promptNeeded="false" type="id_String" value="UTF-8" source="Source_seattle_Pet_File"/>
        <contextParameter name="Source_seattle_Pet_File_RowSeparator" prompt="Source_seattle_Pet_File_RowSeparator?" promptNeeded="false" type="id_String" value="&quot;\n&quot;" source="Source_seattle_Pet_File"/>
        <contextParameter name="Source_seattle_Pet_File_FieldSeparator" prompt="Source_seattle_Pet_File_FieldSeparator?" promptNeeded="false" type="id_String" value="&quot;\t&quot;" source="Source_seattle_Pet_File"/>
        <contextParameter name="Source_seattle_Pet_File_File" prompt="Source_seattle_Pet_File_File?" promptNeeded="false" type="id_File" value="C:/Users/nehas/Downloads/IndividualProject/Seattle_Pet_Licenses.tsv" source="Source_seattle_Pet_File"/>
        <contextParameter name="Source_seattle_Pet_File_Header" prompt="Source_seattle_Pet_File_Header?" promptNeeded="false" type="id_Integer" value="1" source="Source_seattle_Pet_File"/>
        <contextParameter name="SeatleDB_Azure_Server" prompt="SeatleDB_Azure_Server?" promptNeeded="false" type="id_String" value="serverdamg7370.database.windows.net" source="SeatleDB_Azure"/>
        <contextParameter name="SeatleDB_Azure_Schema" prompt="SeatleDB_Azure_Schema?" promptNeeded="false" type="id_String" value="" source="SeatleDB_Azure"/>
        <contextParameter name="SeatleDB_Azure_Port" prompt="SeatleDB_Azure_Port?" promptNeeded="false" type="id_String" value="1433" source="SeatleDB_Azure"/>
        <contextParameter name="SeatleDB_Azure_Database" prompt="SeatleDB_Azure_Database?" promptNeeded="false" type="id_String" value="damg7370" source="SeatleDB_Azure"/>
        <contextParameter name="SeatleDB_Azure_Login" prompt="SeatleDB_Azure_Login?" promptNeeded="false" type="id_String" value="bhutkarn" source="SeatleDB_Azure"/>
        <contextParameter name="SeatleDB_Azure_Password" prompt="SeatleDB_Azure_Password?" promptNeeded="false" type="id_Password" value="********************" source="SeatleDB_Azure"/>
        <contextParameter name="SeatleDB_Azure_AdditionalParams" prompt="SeatleDB_Azure_AdditionalParams?" promptNeeded="false" type="id_String" value="" source="SeatleDB_Azure"/>
      </context>
      <context name="Dev">
        <contextParameter name="Source_seattle_Pet_File_Encoding" prompt="Source_seattle_Pet_File_Encoding?" promptNeeded="false" type="id_String" value="UTF-8" source="Source_seattle_Pet_File"/>
        <contextParameter name="Source_seattle_Pet_File_RowSeparator" prompt="Source_seattle_Pet_File_RowSeparator?" promptNeeded="false" type="id_String" value="&quot;\n&quot;" source="Source_seattle_Pet_File"/>
        <contextParameter name="Source_seattle_Pet_File_FieldSeparator" prompt="Source_seattle_Pet_File_FieldSeparator?" promptNeeded="false" type="id_String" value="&quot;\t&quot;" source="Source_seattle_Pet_File"/>
        <contextParameter name="Source_seattle_Pet_File_File" prompt="Source_seattle_Pet_File_File?" promptNeeded="false" type="id_File" value="C:/Users/nehas/Downloads/IndividualProject/Seattle_Pet_Licenses.tsv" source="Source_seattle_Pet_File"/>
        <contextParameter name="Source_seattle_Pet_File_Header" prompt="Source_seattle_Pet_File_Header?" promptNeeded="false" type="id_Integer" value="1" source="Source_seattle_Pet_File"/>
        <contextParameter name="SeatleDB_Azure_Server" prompt="SeatleDB_Azure_Server?" promptNeeded="false" type="id_String" value="serverdamg7370.database.windows.net" source="SeatleDB_Azure"/>
        <contextParameter name="SeatleDB_Azure_Schema" prompt="SeatleDB_Azure_Schema?" promptNeeded="false" type="id_String" value="" source="SeatleDB_Azure"/>
        <contextParameter name="SeatleDB_Azure_Port" prompt="SeatleDB_Azure_Port?" promptNeeded="false" type="id_String" value="1433" source="SeatleDB_Azure"/>
        <contextParameter name="SeatleDB_Azure_Database" prompt="SeatleDB_Azure_Database?" promptNeeded="false" type="id_String" value="damg7370" source="SeatleDB_Azure"/>
        <contextParameter name="SeatleDB_Azure_Login" prompt="SeatleDB_Azure_Login?" promptNeeded="false" type="id_String" value="bhutkarn" source="SeatleDB_Azure"/>
        <contextParameter name="SeatleDB_Azure_Password" prompt="SeatleDB_Azure_Password?" promptNeeded="false" type="id_Password" value="********************" source="SeatleDB_Azure"/>
        <contextParameter name="SeatleDB_Azure_AdditionalParams" prompt="SeatleDB_Azure_AdditionalParams?" promptNeeded="false" type="id_String" value="" source="SeatleDB_Azure"/>
      </context>
    </contextList>
    <jobSetting>
      <extra>
        <jobParameter name="COMP_DEFAULT_FILE_DIR" value=""/>
        <jobParameter name="Multi thread execution" value="false"/>
        <jobParameter name="Implicit tContextLoad" value="false"/>
      </extra>
      <Statslogs>
        <jobParameter name="Use statistics (tStatCatcher)" value="false"/>
        <jobParameter name="Use logs (tLogCatcher)" value="false"/>
        <jobParameter name="Use volumetrics (tFlowMeterCatcher)" value="false"/>
        <jobParameter name="On Console" value="false"/>
        <jobParameter name="On Files" value="false"/>
        <jobParameter name="On Databases" value="false"/>
        <jobParameter name="Catch components statistics" value="false"/>
        <jobParameter name="Catch runtime errors" value="true"/>
        <jobParameter name="Catch user errors" value="true"/>
        <jobParameter name="Catch user warnings" value="true"/>
      </Statslogs>
    </jobSetting>
    <componentList>
      <componentItem name="tDBOutput_1" link="tDBOutput_1" type="tMysqlOutput" leftTopX="832" leftTopY="96" rightBottomX="864" rightBottomY="128"/>
      <componentItem name="tDBOutput_2" link="tDBOutput_2" type="tMSSqlOutput" leftTopX="928" leftTopY="224" rightBottomX="960" rightBottomY="256"/>
      <componentItem name="tFileInputDelimited_1" link="tFileInputDelimited_1" type="tFileInputDelimited" leftTopX="160" leftTopY="160" rightBottomX="192" rightBottomY="192"/>
      <componentItem name="tMap_1" link="tMap_1" type="tMap" leftTopX="480" leftTopY="160" rightBottomX="512" rightBottomY="192"/>
    </componentList>
    <internalNodeComponents>
      <component icon="pictures/tDBOutput_1.png" uniqueName="tDBOutput_1" label="Output_DB_Load_MySQL">
        <input link="tMap_1">tMap_1</input>
        <output>none</output>
        <componentType>tMysqlOutput</componentType>
        <parameters>
          <column name="Database" value="tMysqlOutput"/>
          <column name="Unique Name" value="tDBOutput_1"/>
          <column name="Component Name" value="tMysqlOutput"/>
          <column name="Version" value="0.102 (ALPHA)"/>
          <column name="Family" value="Databases/DB Specifics/MySQL"/>
          <column name="Startable" value="false"/>
          <column name="SUBTREE_START" value="false"/>
          <column name="END_OF_FLOW" value="true"/>
          <column name="Activate" value="true"/>
          <column name="DUMMY" value="false"/>
          <column name="tStatCatcher Statistics" value="false"/>
          <column name="Help" value="org.talend.help.tMysqlOutput"/>
          <column name="Update components" value="true"/>
          <column name="IREPORT_PATH" value=""/>
          <column name="JAVA_LIBRARY_PATH" value="C:\Program Files (x86)\Talend-Studio\studio\configuration\lib\java"/>
          <column name="Subjob color" value=""/>
          <column name="Title color" value=""/>
          <column name="Enable parallel execution" value="false"/>
          <column name="Number of parallel executions" value="2"/>
          <column name="PARALLELIZE_KEEP_EMPTY" value="false"/>
          <column name="Property Type" value="repository: DB (MYSQL):Output_DB_Load_MySQL"/>
          <column name="DB Version" value="MYSQL_8"/>
          <column name="Use an existing connection" value="false"/>
          <column name="Component List" value=""/>
          <column name="Database Driver" value="MYSQL"/>
          <column name="Host" value="&quot;localhost&quot;"/>
          <column name="Port" value="&quot;3306&quot;"/>
          <column name="Database" value="&quot;seatle_pet_license&quot;"/>
          <column name="Username" value="&quot;root&quot;"/>
          <column name="Password" value="******"/>
          <column name="Table" value="&quot;Seattle_Stage_Table&quot;"/>
          <column name="Action on table" value="DROP_IF_EXISTS_AND_CREATE"/>
          <column name="Action on data" value="INSERT"/>
          <column name="REPOSITORY_ALLOW_AUTO_SWITCH" value="true"/>
          <column name="Schema" value="Built-In"/>
          <column name="Reject Schema" value="Built-In"/>
          <column name="Specify a data source alias" value="false"/>
          <column name="Data source alias" value="&quot;&quot;"/>
          <column name="Die on error" value="false"/>
          <column name="Mapping" value="mysql_id"/>
          <column name="Additional JDBC Parameters" value="&quot;noDatetimeStringSync=true&amp;enabledTLSProtocols=TLSv1.2,TLSv1.1,TLSv1&quot;"/>
          <column name="Extend Insert" value="true"/>
          <column name="Number of rows per insert" value="100"/>
          <column name="Use Batch Size" value="true"/>
          <column name="Batch Size" value="10000"/>
          <column name="Encoding" value="&quot;ISO-8859-15&quot;"/>
          <column name="Commit every" value="10000"/>
          <column name="Additional columns" value="[]"/>
          <column name="Use field options" value="false"/>
          <column name="Field options" value="[{SCHEMA_COLUMN=License_Issue_Date, UPDATE_KEY=false, DELETE_KEY=false, UPDATABLE=true, INSERTABLE=true}, {SCHEMA_COLUMN=License_Number, UPDATE_KEY=false, DELETE_KEY=false, UPDATABLE=true, INSERTABLE=true}, {SCHEMA_COLUMN=Animal_s_Name, UPDATE_KEY=false, DELETE_KEY=false, UPDATABLE=true, INSERTABLE=true}, {SCHEMA_COLUMN=Species, UPDATE_KEY=false, DELETE_KEY=false, UPDATABLE=true, INSERTABLE=true}, {SCHEMA_COLUMN=Primary_Breed, UPDATE_KEY=false, DELETE_KEY=false, UPDATABLE=true, INSERTABLE=true}, {SCHEMA_COLUMN=Secondary_Breed, UPDATE_KEY=false, DELETE_KEY=false, UPDATABLE=true, INSERTABLE=true}, {SCHEMA_COLUMN=ZIP_Code, UPDATE_KEY=false, DELETE_KEY=false, UPDATABLE=true, INSERTABLE=true}, {SCHEMA_COLUMN=Date_To_Warehouse, UPDATE_KEY=false, DELETE_KEY=false, UPDATABLE=true, INSERTABLE=true}, {SCHEMA_COLUMN=DI_JobId, UPDATE_KEY=false, DELETE_KEY=false, UPDATABLE=true, INSERTABLE=true}]"/>
          <column name="Use Hint Options" value="false"/>
          <column name="Hint Options" value="[]"/>
          <column name="Debug query mode" value="false"/>
          <column name="Use duplicate key update mode insert" value="false"/>
          <column name="DUPLICATED_KEYS" value="[]"/>
          <column name="Support null in &quot;SQL WHERE&quot; statement" value="false"/>
          <column name="Label format" value="Output_DB_Load_MySQL"/>
          <column name="Hint format" value="&lt;b&gt;__UNIQUE_NAME__&lt;/b&gt;&lt;br&gt;__COMMENT__"/>
          <column name="Connection format" value="row"/>
          <column name="Show Information" value="false"/>
          <column name="Comment" value=""/>
          <column name="Use an existing validation rule" value="false"/>
          <column name="Validation Rule Type" value=""/>
        </parameters>
        <schemas>
          <schema name="output_con">
            <column name="License_Issue_Date" key="false" type="java.util.Date" length="" precision="" nullable="true" comment=""/>
            <column name="License_Number" key="false" type="String" length="7" precision="" nullable="true" comment=""/>
            <column name="Animal_s_Name" key="false" type="String" length="50" precision="" nullable="true" comment=""/>
            <column name="Species" key="false" type="String" length="4" precision="" nullable="true" comment=""/>
            <column name="Primary_Breed" key="false" type="String" length="46" precision="" nullable="true" comment=""/>
            <column name="Secondary_Breed" key="false" type="String" length="46" precision="" nullable="true" comment=""/>
            <column name="ZIP_Code" key="false" type="String" length="5" precision="" nullable="true" comment=""/>
            <column name="Date_To_Warehouse" key="false" type="java.util.Date" length="" precision="" nullable="true" comment=""/>
            <column name="DI_JobId" key="false" type="String" length="10" precision="" nullable="true" comment=""/>
          </schema>
        </schemas>
      </component>
      <component icon="pictures/tDBOutput_2.png" uniqueName="tDBOutput_2" label="SeatleDB_Azure">
        <input link="tMap_1">tMap_1</input>
        <output>none</output>
        <componentType>tMSSqlOutput</componentType>
        <parameters>
          <column name="Database" value="tMSSqlOutput"/>
          <column name="Unique Name" value="tDBOutput_2"/>
          <column name="Component Name" value="tMSSqlOutput"/>
          <column name="Version" value="0.102 (ALPHA)"/>
          <column name="Family" value="Databases/DB Specifics/MS_SQL_Server"/>
          <column name="Startable" value="false"/>
          <column name="SUBTREE_START" value="false"/>
          <column name="END_OF_FLOW" value="true"/>
          <column name="Activate" value="true"/>
          <column name="DUMMY" value="false"/>
          <column name="tStatCatcher Statistics" value="false"/>
          <column name="Help" value="org.talend.help.tMSSqlOutput"/>
          <column name="Update components" value="true"/>
          <column name="IREPORT_PATH" value=""/>
          <column name="JAVA_LIBRARY_PATH" value="C:\Program Files (x86)\Talend-Studio\studio\configuration\lib\java"/>
          <column name="Subjob color" value=""/>
          <column name="Title color" value=""/>
          <column name="Enable parallel execution" value="false"/>
          <column name="Number of parallel executions" value="2"/>
          <column name="PARALLELIZE_KEEP_EMPTY" value="false"/>
          <column name="Property Type" value="repository: DB (MSSQL):SeatleDB_Azure"/>
          <column name="Use an existing connection" value="false"/>
          <column name="Component List" value=""/>
          <column name="JDBC Provider" value="MSSQL_PROP"/>
          <column name="Host" value="context.SeatleDB_Azure_Server"/>
          <column name="Port" value="context.SeatleDB_Azure_Port"/>
          <column name="Schema" value="context.SeatleDB_Azure_Schema"/>
          <column name="Database" value="context.SeatleDB_Azure_Database"/>
          <column name="Database Driver" value="MSSQL"/>
          <column name="Username" value="context.SeatleDB_Azure_Login"/>
          <column name="Password" value="context.SeatleDB_Azure_Password"/>
          <column name="Table" value="&quot;Stage_Table_Load&quot;"/>
          <column name="Action on table" value="DROP_IF_EXISTS_AND_CREATE"/>
          <column name="Turn on identity insert" value="false"/>
          <column name="Action on data" value="INSERT"/>
          <column name="Specify identity field" value="false"/>
          <column name="Identity field" value="License_Issue_Date"/>
          <column name="Start value" value="1"/>
          <column name="Step" value="1"/>
          <column name="REPOSITORY_ALLOW_AUTO_SWITCH" value="true"/>
          <column name="Schema" value="Built-In"/>
          <column name="Reject Schema" value="Built-In"/>
          <column name="Specify a data source alias" value="false"/>
          <column name="Data source alias" value="&quot;&quot;"/>
          <column name="Die on error" value="false"/>
          <column name="Mapping" value="id_MSSQL"/>
          <column name="Additional JDBC Parameters" value="context.SeatleDB_Azure_AdditionalParams"/>
          <column name="Authenticate using Azure Active Directory" value="false"/>
          <column name="Use alternate schema" value="false"/>
          <column name="Schema" value="&quot;&quot;"/>
          <column name="Encoding" value="&quot;ISO-8859-15&quot;"/>
          <column name="Commit every" value="10000"/>
          <column name="Additional columns" value="[]"/>
          <column name="Use field options" value="false"/>
          <column name="Field options" value="[{SCHEMA_COLUMN=License_Issue_Date, UPDATE_KEY=false, DELETE_KEY=false, UPDATABLE=true, INSERTABLE=true}, {SCHEMA_COLUMN=License_Number, UPDATE_KEY=false, DELETE_KEY=false, UPDATABLE=true, INSERTABLE=true}, {SCHEMA_COLUMN=Animal_s_Name, UPDATE_KEY=false, DELETE_KEY=false, UPDATABLE=true, INSERTABLE=true}, {SCHEMA_COLUMN=Species, UPDATE_KEY=false, DELETE_KEY=false, UPDATABLE=true, INSERTABLE=true}, {SCHEMA_COLUMN=Primary_Breed, UPDATE_KEY=false, DELETE_KEY=false, UPDATABLE=true, INSERTABLE=true}, {SCHEMA_COLUMN=Secondary_Breed, UPDATE_KEY=false, DELETE_KEY=false, UPDATABLE=true, INSERTABLE=true}, {SCHEMA_COLUMN=ZIP_Code, UPDATE_KEY=false, DELETE_KEY=false, UPDATABLE=true, INSERTABLE=true}, {SCHEMA_COLUMN=DI_JobId, UPDATE_KEY=false, DELETE_KEY=false, UPDATABLE=true, INSERTABLE=true}, {SCHEMA_COLUMN=Date_To_Warehouse, UPDATE_KEY=false, DELETE_KEY=false, UPDATABLE=true, INSERTABLE=true}]"/>
          <column name="Ignore date out of range" value="false"/>
          <column name="Debug query mode" value="false"/>
          <column name="Support null in &quot;SQL WHERE&quot; statement" value="false"/>
          <column name="Use Batch Size" value="true"/>
          <column name="Batch Size" value="10000"/>
          <column name="Set Query Timeout" value="false"/>
          <column name="Timeout (seconds)" value="30"/>
          <column name="Label format" value="SeatleDB_Azure"/>
          <column name="Hint format" value="&lt;b&gt;__UNIQUE_NAME__&lt;/b&gt;&lt;br&gt;__COMMENT__"/>
          <column name="Connection format" value="row"/>
          <column name="Show Information" value="false"/>
          <column name="Comment" value=""/>
          <column name="Use an existing validation rule" value="false"/>
          <column name="Validation Rule Type" value=""/>
        </parameters>
        <schemas>
          <schema name="output_con_azure">
            <column name="License_Issue_Date" key="false" type="java.util.Date" length="" precision="" nullable="true" comment=""/>
            <column name="License_Number" key="false" type="String" length="7" precision="" nullable="true" comment=""/>
            <column name="Animal_s_Name" key="false" type="String" length="50" precision="" nullable="true" comment=""/>
            <column name="Species" key="false" type="String" length="4" precision="" nullable="true" comment=""/>
            <column name="Primary_Breed" key="false" type="String" length="46" precision="" nullable="true" comment=""/>
            <column name="Secondary_Breed" key="false" type="String" length="46" precision="" nullable="true" comment=""/>
            <column name="ZIP_Code" key="false" type="String" length="5" precision="" nullable="true" comment=""/>
            <column name="DI_JobId" key="false" type="String" length="20" precision="" nullable="true" comment=""/>
            <column name="Date_To_Warehouse" key="false" type="java.util.Date" length="" precision="" nullable="true" comment=""/>
          </schema>
        </schemas>
      </component>
      <component icon="pictures/tFileInputDelimited_1.png" uniqueName="tFileInputDelimited_1" label="Source_seattle_Pet_File">
        <input>none</input>
        <output link="tMap_1">tMap_1</output>
        <componentType>tFileInputDelimited</componentType>
        <parameters>
          <column name="Unique Name" value="tFileInputDelimited_1"/>
          <column name="Component Name" value="tFileInputDelimited"/>
          <column name="Version" value="0.102 (ALPHA)"/>
          <column name="Family" value="File/Input"/>
          <column name="Start" value="true"/>
          <column name="Startable" value="true"/>
          <column name="SUBTREE_START" value="true"/>
          <column name="END_OF_FLOW" value="false"/>
          <column name="Activate" value="true"/>
          <column name="DUMMY" value="false"/>
          <column name="tStatCatcher Statistics" value="false"/>
          <column name="Help" value="org.talend.help.tFileInputDelimited"/>
          <column name="Update components" value="true"/>
          <column name="IREPORT_PATH" value=""/>
          <column name="JAVA_LIBRARY_PATH" value="C:\Program Files (x86)\Talend-Studio\studio\configuration\lib\java"/>
          <column name="Subjob color" value=""/>
          <column name="Title color" value=""/>
          <column name="Enable parallel execution" value="false"/>
          <column name="Number of parallel executions" value="2"/>
          <column name="PARALLELIZE_KEEP_EMPTY" value="false"/>
          <column name="Property Type" value="repository: DELIM:Source_seattle_Pet_File"/>
          <column name="REPOSITORY_ALLOW_AUTO_SWITCH" value="true"/>
          <column name="Schema" value="Built-In"/>
          <column name="File name/Stream" value="context.Source_seattle_Pet_File_File"/>
          <column name="CSV options" value="false"/>
          <column name="Row Separator" value="context.Source_seattle_Pet_File_RowSeparator"/>
          <column name="CSV Row Separator" value="context.Source_seattle_Pet_File_RowSeparator"/>
          <column name="Field Separator" value="context.Source_seattle_Pet_File_FieldSeparator"/>
          <column name="Escape char" value="&quot;&quot;&quot;"/>
          <column name="Text enclosure" value="&quot;&quot;&quot;"/>
          <column name="Header" value="context.Source_seattle_Pet_File_Header"/>
          <column name="Footer" value="0"/>
          <column name="Limit" value=""/>
          <column name="Skip empty rows" value="false"/>
          <column name="Uncompress as zip file" value="false"/>
          <column name="Die on error" value="false"/>
          <column name="Schema" value="Built-In"/>
          <column name="Temporary directory" value="&quot;C:/Users/nehas/workspace&quot;"/>
          <column name="Advanced separator (for numbers)" value="false"/>
          <column name="Thousands separator" value="&quot;,&quot;"/>
          <column name="Decimal separator" value="&quot;.&quot;"/>
          <column name="Extract lines at random" value="false"/>
          <column name="Number of lines" value="10"/>
          <column name="Trim all columns" value="false"/>
          <column name="Check column to trim" value="[{SCHEMA_COLUMN=License_Issue_Date, TRIM=false}, {SCHEMA_COLUMN=License_Number, TRIM=false}, {SCHEMA_COLUMN=Animal_s_Name, TRIM=false}, {SCHEMA_COLUMN=Species, TRIM=false}, {SCHEMA_COLUMN=Primary_Breed, TRIM=false}, {SCHEMA_COLUMN=Secondary_Breed, TRIM=false}, {SCHEMA_COLUMN=ZIP_Code, TRIM=false}]"/>
          <column name="Check each row structure against schema" value="false"/>
          <column name="Check date" value="false"/>
          <column name="Encoding" value="context.Source_seattle_Pet_File_Encoding"/>
          <column name="Split row before field" value="false"/>
          <column name="Permit hexadecimal (0xNNN) or octal (0NNNN) for numeric types (clear the check box to read Byte type as octal and hexadecimal numbers by default)" value="false"/>
          <column name="Decode table" value="[{SCHEMA_COLUMN=License_Issue_Date, DECODE=false}, {SCHEMA_COLUMN=License_Number, DECODE=false}, {SCHEMA_COLUMN=Animal_s_Name, DECODE=false}, {SCHEMA_COLUMN=Species, DECODE=false}, {SCHEMA_COLUMN=Primary_Breed, DECODE=false}, {SCHEMA_COLUMN=Secondary_Breed, DECODE=false}, {SCHEMA_COLUMN=ZIP_Code, DECODE=false}]"/>
          <column name="Destination" value=""/>
          <column name="Min column number of optimize code" value="100"/>
          <column name="Label format" value="Source_seattle_Pet_File"/>
          <column name="Hint format" value="&lt;b&gt;__UNIQUE_NAME__&lt;/b&gt;&lt;br&gt;__COMMENT__"/>
          <column name="Connection format" value="row"/>
          <column name="Show Information" value="false"/>
          <column name="Comment" value=""/>
          <column name="Use an existing validation rule" value="false"/>
          <column name="Validation Rule Type" value=""/>
        </parameters>
        <schemas>
          <schema name="metadata">
            <column name="License_Issue_Date" key="false" type="java.util.Date" length="" precision="" nullable="true" comment=""/>
            <column name="License_Number" key="false" type="String" length="7" precision="" nullable="true" comment=""/>
            <column name="Animal_s_Name" key="false" type="String" length="50" precision="" nullable="true" comment=""/>
            <column name="Species" key="false" type="String" length="4" precision="" nullable="true" comment=""/>
            <column name="Primary_Breed" key="false" type="String" length="46" precision="" nullable="true" comment=""/>
            <column name="Secondary_Breed" key="false" type="String" length="46" precision="" nullable="true" comment=""/>
            <column name="ZIP_Code" key="false" type="String" length="5" precision="" nullable="true" comment=""/>
          </schema>
        </schemas>
      </component>
    </internalNodeComponents>
    <externalNodeComponents>
      <component icon="pictures/tMap_1.png" uniqueName="tMap_1" label="__UNIQUE_NAME__">
        <input link="tFileInputDelimited_1">tFileInputDelimited_1</input>
        <output link="tDBOutput_1">tDBOutput_1</output>
        <output link="tDBOutput_2">tDBOutput_2</output>
        <componentType>tMap</componentType>
        <!--tMap_1-->
      </component>
    </externalNodeComponents>
    <connections>
      <connection label="row1" lineStyle="0" metaname="tFileInputDelimited_1" offsetLabelX="0" offsetLabelY="0" source="tFileInputDelimited_1" target="tMap_1"/>
      <connection label="output_con" lineStyle="0" metaname="output_con" offsetLabelX="0" offsetLabelY="0" source="tMap_1" target="tDBOutput_1"/>
      <connection label="output_con_azure" lineStyle="0" metaname="output_con_azure" offsetLabelX="0" offsetLabelY="0" source="tMap_1" target="tDBOutput_2"/>
    </connections>
  </job>
</project>
